tag,feature,median_AP,is_interaction
af3,af3_iptm_model_0,0.5098124098124097,False
af3,af3_ptm_model_0,0.45573193539337825,False
af3,af3_iptm_avg,0.5212383126766689,False
af3,af3_iptm_std,0.19405594405594406,False
af3,af3_ptm_avg,0.428545291355979,False
af3,af3_ptm_std,0.15994304698623638,False
af3,af3_dockQ,0.3325776598375468,False
af3,af3_pymol_SASA_binder,0.14515840761008927,False
af3,af3_pymol_SASA_target,0.16511995248624603,False
af3,af3_pymol_delta_SASA,0.14845240674747182,False
af3,af3_pymol_nonpolar_count,0.1348221670802316,False
af3,af3_pymol_percent_nonpolar,0.21780514319972882,False
af3,af3_pymol_hbonds,0.1958333333333333,False
af3,af3_pymol_paratope_helix,0.1425709150885241,False
af3,af3_pymol_paratope_sheet,0.09580888118876349,False
af3,af3_pymol_paratope_loop,0.14113813886137955,False
af3,af3_pymol_epitope_helix,0.12512023461687322,False
af3,af3_pymol_epitope_sheet,0.15857289234482216,False
af3,af3_pymol_epitope_loop,0.10971593006476726,False
af3,af3_rosetta_binder_score,0.15021948315401085,False
af3,af3_rosetta_surface_hydrophobicity,0.2069514632329626,False
af3,af3_rosetta_interface_sc,0.2066776415536246,False
af3,af3_rosetta_interface_packstat,0.1685988204757097,False
af3,af3_rosetta_interface_dG,0.3091763614169446,False
af3,af3_rosetta_interface_dSASA,0.15583455193826354,False
af3,af3_rosetta_interface_dG_SASA_ratio,0.2848894103095784,False
af3,af3_rosetta_interface_percent_of_binder_in_intf,0.09090909090909091,False
af3,af3_rosetta_interface_binder_hydrophobicity_percent,0.168997668997669,False
af3,af3_rosetta_interface_interface_hbonds,0.13833491611269388,False
af3,af3_rosetta_interface_hbond_percentage,0.14739972160368747,False
af3,af3_rosetta_interface_unsat_hbonds,0.09090909090909091,False
af3,af3_rosetta_interface_delta_unsat_hbonds_percentage,0.09090909090909091,False
af3,af3_sap_binder,0.09090909090909091,False
af3,af3_sap_target,0.1305186642746035,False
af3,af3_sap_delta,0.17624973066149538,False
af3,RMSD_chA_aft_chB_align_input_af3,0.30381723804398286,False
af3,RMSD_complex_input_af3,0.3055555555555555,False
af3,af3_pDockQ_min,0.3896623790086288,False
af3,af3_pDockQ_max,0.3896623790086288,False
af3,af3_pDockQ2_min,0.4241812550947325,False
af3,af3_pDockQ2_max,0.45235508547529013,False
af3,af3_ipSAE_min,0.5399270482603815,False
af3,af3_ipSAE_max,0.480324082673196,False
af3,af3_ipSAE_avg,0.4756217761413237,False
af3,af3_LIS,0.4586517455134125,False
af3,af3_ipSAE_min_in_calculation,0.1351275917065391,False
af3,af3_ipSAE_d0chn,0.5169924808678198,False
af3,af3_ipSAE_d0dom,0.5101967130390903,False
af3,af3_min_pae_contact,0.48983134920634924,False
af3,af3_max_pae_contact,0.3816814172720245,False
af3,af3_pymol_num_interface_residues,0.15384615384615385,False
af3,af3_rosetta_interface_nres_binder,0.17243626047309996,False
af3,af3_rosetta_interface_nres_target,0.16421521375081746,False
af3,af3_res_above_contact_thres,0.3815202654488369,False
af3,af3_ipae,0.4358485574705846,False
af3,af3_dSAP_dSASA_ratio,0.10374149659863945,False
af3,af3_rosetta_interface_dG_SASA_ratio*af3_ipSAE_min,0.5573725437988428,True
af3,af3_rosetta_interface_dG_SASA_ratio*af3_ipSAE_max,0.5075302164544255,True
af3,af3_rosetta_interface_dG_SASA_ratio*af3_ipSAE_d0dom,0.5165360437605035,True
af3,af3_ipSAE_min*input_dSAP_dSASA_ratio,0.4265038673676195,True
af3,af3_rosetta_interface_dG_SASA_ratio*af3_LIS,0.49499600438007374,True
af3,af3_rosetta_interface_dG_SASA_ratio*af3_ipSAE_d0chn,0.5161303401919388,True
af3,af3_ptm_model_0*af3_min_pae_contact,0.5136296683915732,True
af3,af3_LIS*input_sap_delta,0.41111111111111115,True
af3,af3_ptm_avg*af3_min_pae_contact,0.5166109718741297,True
af3,af3_iptm_avg*af3_rosetta_interface_dG_SASA_ratio,0.5009328288970138,True
af3,af3_ipSAE_min*input_rosetta_interface_sc,0.5530083443126921,True
af3,af3_ipSAE_max*input_rosetta_interface_sc,0.5301627384960719,True
af3,af3_ipSAE_min*input_rosetta_interface_dG_SASA_ratio,0.5298325131658466,True
af3,af3_ipSAE_min*input_sap_delta,0.5215331585781293,True
af3,af3_ipSAE_avg*input_dSAP_dSASA_ratio,0.4532129269325559,True
af3,af3_ipSAE_max*input_dSAP_dSASA_ratio,0.39702236221632775,True
af3,af3_iptm_model_0*af3_rosetta_interface_dG_SASA_ratio,0.4917027417027417,True
af3,af3_rosetta_interface_dG_SASA_ratio*af3_pDockQ2_max,0.5172732073046534,True
af3,af3_ipSAE_avg*input_sap_delta,0.42719612416014213,True
af3,af3_LIS*input_dSAP_dSASA_ratio,0.3948851961047083,True
af3,af3_ipSAE_max*input_rosetta_interface_dG_SASA_ratio,0.49939573102326823,True
af3,af3_ipSAE_avg*input_rosetta_interface_dG_SASA_ratio,0.5138486312399355,True
af3,af3_ipSAE_min*input_rosetta_interface_packstat,0.5009524533152905,True
af3,af3_rosetta_interface_dG_SASA_ratio*af3_pDockQ2_min,0.5038921780622113,True
af3,af3_ipSAE_min*af3_dSAP_dSASA_ratio,0.4633349300239453,True
af3,af3_ipSAE_d0dom*input_rosetta_interface_sc,0.552971325258147,True
af3,af3_ipSAE_d0chn*input_rosetta_interface_sc,0.5637755102040816,True
af3,af3_rosetta_interface_sc*af3_ipSAE_min,0.5554473304473304,True
af3,af3_ipSAE_avg*af3_dSAP_dSASA_ratio,0.4512959408292645,True
af3,af3_rosetta_interface_dG_SASA_ratio*af3_ipSAE_avg,0.5673552568289411,True
af3,af3_iptm_model_0*af3_min_pae_contact,0.49206846481282573,True
af3,af3_ipSAE_min*input_pymol_percent_nonpolar,0.47131962871709887,True
af3,af3_iptm_avg*af3_min_pae_contact,0.5092402462531146,True
af3,af3_rosetta_interface_sc*af3_ipSAE_max,0.4711500974658869,True
af3,af3_ipSAE_d0dom*input_dSAP_dSASA_ratio,0.3764336131424652,True
af3,af3_pymol_percent_nonpolar*af3_ipSAE_min,0.4999671953136906,True
af3,af3_pDockQ2_min*input_dSAP_dSASA_ratio,0.3778311965811966,True
af3,af3_pDockQ2_max*input_dSAP_dSASA_ratio,0.3758168914418915,True
af3,af3_sap_delta*af3_ipSAE_min,0.44014502470384825,True
af3,af3_ipSAE_d0chn*input_dSAP_dSASA_ratio,0.3779239379603703,True
af3,af3_sap_delta*af3_LIS,0.3974735085893709,True
af3,af3_LIS*input_rosetta_interface_sc,0.5752244668911336,True
af3,af3_sap_delta*af3_ipSAE_avg,0.46899861781154684,True
af3,af3_rosetta_interface_sc*af3_ipSAE_d0dom,0.4644585266552544,True
af3,af3_ipSAE_max*af3_dSAP_dSASA_ratio,0.3924919702350906,True
af3,af3_ipSAE_min*input_rosetta_interface_dG,0.5151126651126651,True
af3,af3_ipSAE_max*input_pymol_percent_nonpolar,0.43198557977492463,True
af3,af3_ipSAE_min*input_rosetta_interface_binder_hydrophobicity_percent,0.40233597507772917,True
af3,af3_ipSAE_d0dom*input_rosetta_interface_dG_SASA_ratio,0.5059841359048168,True
af3,af3_ipSAE_d0chn*input_rosetta_interface_dG_SASA_ratio,0.5048069281796215,True
af2,af2_binder_aligned_rmsd,0.1558780000200908,False
af2,af2_pae_binder,0.14042701986016945,False
af2,af2_pae_interaction,0.38316641610064844,False
af2,af2_pae_target,0.1529088134617987,False
af2,af2_plddt_binder,0.125,False
af2,af2_plddt_target,0.1512820512820513,False
af2,af2_plddt_total,0.1599278175864033,False
af2,af2_target_aligned_rmsd,0.2942455997462547,False
af2,af2_time,0.11125541125541125,False
af2,af2_dockQ,0.26666666666666666,False
af2,af2_pymol_SASA_binder,0.2547204168269032,False
af2,af2_pymol_SASA_target,0.2867888439639965,False
af2,af2_pymol_delta_SASA,0.2762983901800497,False
af2,af2_pymol_nonpolar_count,0.22093352697010965,False
af2,af2_pymol_percent_nonpolar,0.13392857142857142,False
af2,af2_pymol_hbonds,0.1715686274509804,False
af2,af2_pymol_paratope_helix,0.10238095238095238,False
af2,af2_pymol_paratope_sheet,0.10594748049317505,False
af2,af2_pymol_paratope_loop,0.08302427818130967,False
af2,af2_pymol_epitope_helix,0.11564135323451372,False
af2,af2_pymol_epitope_sheet,0.09183673469387756,False
af2,af2_pymol_epitope_loop,0.09634129592466958,False
af2,af2_rosetta_binder_score,0.1786855202503349,False
af2,af2_rosetta_surface_hydrophobicity,0.23176429157746675,False
af2,af2_rosetta_interface_sc,0.1270494004698331,False
af2,af2_rosetta_interface_packstat,0.17965367965367968,False
af2,af2_rosetta_interface_dG,0.36027786027786024,False
af2,af2_rosetta_interface_dSASA,0.2918879510183858,False
af2,af2_rosetta_interface_dG_SASA_ratio,0.22695457734023583,False
af2,af2_rosetta_interface_percent_of_binder_in_intf,0.27563368222665574,False
af2,af2_rosetta_interface_binder_hydrophobicity_percent,0.19444444444444442,False
af2,af2_rosetta_interface_interface_hbonds,0.2005202261084614,False
af2,af2_rosetta_interface_hbond_percentage,0.09430358559171019,False
af2,af2_rosetta_interface_unsat_hbonds,0.09090909090909091,False
af2,af2_rosetta_interface_delta_unsat_hbonds_percentage,0.09090909090909091,False
af2,af2_sap_binder,0.1000104866049384,False
af2,af2_sap_target,0.1439347736173573,False
af2,af2_sap_delta,0.28888888888888886,False
af2,RMSD_chA_aft_chB_align_input_af2,0.29009778404753656,False
af2,RMSD_complex_input_af2,0.24497872080221741,False
af2,af2_pymol_num_interface_residues,0.21021747096959184,False
af2,af2_rosetta_interface_nres_binder,0.22019344186617656,False
af2,af2_rosetta_interface_nres_target,0.24423460006622946,False
af2,af2_dSAP_dSASA_ratio,0.12496039523402708,False
af2,af2_dockQ*input_sap_delta,0.3138937086161566,True
af2,af2_rosetta_interface_dG*input_dSAP_dSASA_ratio,0.36057602717958714,True
af2,af2_dockQ*af2_sap_delta,0.3183537311101098,True
af2,af2_dockQ*af2_dSAP_dSASA_ratio,0.3251251487367371,True
af2,af2_dockQ*input_dSAP_dSASA_ratio,0.325,True
af2,af2_rosetta_interface_dG_SASA_ratio*af2_sap_delta,0.3515143833819727,True
af2,af2_rosetta_interface_dG*af2_dSAP_dSASA_ratio,0.35158984280247496,True
af2,af2_plddt_binder*af2_sap_delta,0.31672334136350355,True
af2,af2_rosetta_interface_sc*af2_sap_delta,0.38867370077422425,True
af2,af2_dockQ*input_rosetta_interface_dG_SASA_ratio,0.38030934675269423,True
af2,af2_pymol_delta_SASA*input_dSAP_dSASA_ratio,0.300809181072339,True
af2,af2_rosetta_interface_dG*input_rosetta_interface_dG_SASA_ratio,0.3766385503380407,True
af2,af2_pymol_delta_SASA*af2_dSAP_dSASA_ratio,0.3077894533661837,True
af2,af2_rosetta_interface_nres_target*input_dSAP_dSASA_ratio,0.26573815267649326,True
af2,af2_dockQ*af2_rosetta_interface_dG_SASA_ratio,0.3541354024202923,True
af2,af2_dockQ*af2_pymol_percent_nonpolar,0.30820925097942903,True
af2,af2_rosetta_interface_dG*input_sap_delta,0.3486923522762248,True
af2,af2_plddt_binder*af2_rosetta_interface_dG_SASA_ratio,0.20591676841676843,True
af2,af2_rosetta_interface_sc*af2_rosetta_interface_dG,0.34008729262149645,True
af2,af2_rosetta_interface_dG*input_rosetta_interface_sc,0.38789112781271334,True
af2,af2_rosetta_interface_nres_target*af2_dSAP_dSASA_ratio,0.3090877376591662,True
af2,af2_dockQ*input_rosetta_interface_sc,0.376135212261236,True
af2,af2_plddt_total*af2_sap_delta,0.30254628199877015,True
af2,af2_rosetta_interface_dG*af2_sap_delta,0.3409580342017323,True
af2,af2_sap_delta*input_rosetta_interface_sc,0.33730158730158727,True
af2,af2_pae_interaction*af2_rosetta_surface_hydrophobicity,0.30563461567369704,True
af2,af2_dockQ*input_pymol_percent_nonpolar,0.26785714285714285,True
af2,af2_rosetta_interface_nres_binder*input_dSAP_dSASA_ratio,0.33838383838383834,True
af2,af2_sap_delta*input_pymol_SASA_binder,0.215893652782859,True
af2,af2_rosetta_interface_dSASA*input_dSAP_dSASA_ratio,0.24141728136110063,True
af2,af2_rosetta_interface_dG*input_pymol_percent_nonpolar,0.2997953025817501,True
af2,af2_rosetta_interface_packstat*af2_sap_delta,0.3449393698613845,True
af2,af2_sap_delta*camsol_score,0.26341697044236595,True
af2,af2_dockQ*input_rosetta_interface_dG,0.37996292166230505,True
af2,af2_sap_delta*input_dSAP_dSASA_ratio,0.2548118815251473,True
af2,af2_plddt_target*af2_sap_delta,0.30277777777777776,True
af2,af2_pymol_num_interface_residues*input_dSAP_dSASA_ratio,0.24264517848182285,True
af2,af2_pymol_percent_nonpolar*af2_rosetta_interface_dG,0.2772647105980439,True
af2,af2_sap_delta*input_rosetta_interface_binder_hydrophobicity_percent,0.26078625860244947,True
af2,af2_rosetta_interface_nres_binder*af2_dSAP_dSASA_ratio,0.30725623582766437,True
af2,af2_dockQ*af2_rosetta_interface_sc,0.3459706356749767,True
af2,af2_rosetta_interface_dG*input_rosetta_interface_binder_hydrophobicity_percent,0.32008587369491737,True
af2,af2_sap_delta*input_sap_delta,0.2473195582684972,True
af2,af2_rosetta_interface_dSASA*af2_dSAP_dSASA_ratio,0.28888888888888886,True
af2,af2_plddt_binder*af2_rosetta_interface_dG,0.38756671401619364,True
af2,af2_pymol_nonpolar_count*af2_rosetta_interface_dG_SASA_ratio,0.30017414092454575,True
af2,af2_dockQ*af2_rosetta_interface_binder_hydrophobicity_percent,0.3260531797361644,True
af2,af2_plddt_total*af2_rosetta_interface_dG_SASA_ratio,0.26496795501457465,True
af2,af2_dockQ*af2_rosetta_interface_dG,0.39006986632486323,True
af2,af2_rosetta_surface_hydrophobicity*RMSD_complex_input_af2,0.3094701978115148,True
boltz1,boltz1_iptm_avg,0.32932729384537435,False
boltz1,boltz1_iptm_std,0.23652778387959592,False
boltz1,boltz1_iptm_model_0,0.36522644022644024,False
boltz1,boltz1_complex_plddt_avg,0.24791666666666667,False
boltz1,boltz1_complex_plddt_std,0.16400089203000295,False
boltz1,boltz1_complex_plddt_model_0,0.24791666666666667,False
boltz1,boltz1_complex_iplddt_avg,0.3009205619385539,False
boltz1,boltz1_complex_iplddt_std,0.15849551370255707,False
boltz1,boltz1_complex_iplddt_model_0,0.30594083312337284,False
boltz1,boltz1_complex_pde_avg,0.35664584170658814,False
boltz1,boltz1_complex_pde_std,0.20962292845550312,False
boltz1,boltz1_complex_pde_model_0,0.32916184159736117,False
boltz1,boltz1_complex_ipde_avg,0.3454629231149953,False
boltz1,boltz1_complex_ipde_std,0.2523337285846317,False
boltz1,boltz1_complex_ipde_model_0,0.3534945421164227,False
boltz1,boltz1_dockQ,0.2831880243243085,False
boltz1,boltz1_pymol_SASA_binder,0.13392857142857142,False
boltz1,boltz1_pymol_SASA_target,0.16233766233766234,False
boltz1,boltz1_pymol_delta_SASA,0.18471095398308196,False
boltz1,boltz1_pymol_nonpolar_count,0.09237058583809996,False
boltz1,boltz1_pymol_percent_nonpolar,0.15554904031196515,False
boltz1,boltz1_pymol_hbonds,0.17201789846161142,False
boltz1,boltz1_pymol_paratope_helix,0.12265882622261579,False
boltz1,boltz1_pymol_paratope_sheet,0.09725471085120208,False
boltz1,boltz1_pymol_paratope_loop,0.11675438596491228,False
boltz1,boltz1_pymol_epitope_helix,0.10414703768741035,False
boltz1,boltz1_pymol_epitope_sheet,0.13544214190045556,False
boltz1,boltz1_pymol_epitope_loop,0.12979635951436458,False
boltz1,boltz1_rosetta_binder_score,0.13142060363827576,False
boltz1,boltz1_rosetta_surface_hydrophobicity,0.17251443541428205,False
boltz1,boltz1_rosetta_interface_sc,0.16725296089622466,False
boltz1,boltz1_rosetta_interface_packstat,0.2059415741954112,False
boltz1,boltz1_rosetta_interface_dG,0.31653803639840355,False
boltz1,boltz1_rosetta_interface_dSASA,0.16723389988009116,False
boltz1,boltz1_rosetta_interface_dG_SASA_ratio,0.2416537266171739,False
boltz1,boltz1_rosetta_interface_percent_of_binder_in_intf,0.09621936499525086,False
boltz1,boltz1_rosetta_interface_binder_hydrophobicity_percent,0.1282806699473366,False
boltz1,boltz1_rosetta_interface_interface_hbonds,0.2085468966146831,False
boltz1,boltz1_rosetta_interface_hbond_percentage,0.13930513513827036,False
boltz1,boltz1_rosetta_interface_unsat_hbonds,0.09090909090909091,False
boltz1,boltz1_rosetta_interface_delta_unsat_hbonds_percentage,0.09090909090909091,False
boltz1,boltz1_sap_binder,0.10817421441338901,False
boltz1,boltz1_sap_target,0.12966942571196172,False
boltz1,boltz1_sap_delta,0.165961100928797,False
boltz1,RMSD_chA_aft_chB_align_input_boltz1,0.2503563249893021,False
boltz1,RMSD_complex_input_boltz1,0.24144388461994482,False
boltz1,boltz1_pDockQ_min,0.2864743222437151,False
boltz1,boltz1_pDockQ_max,0.2864743222437151,False
boltz1,boltz1_pDockQ2_min,0.32805435305435304,False
boltz1,boltz1_pDockQ2_max,0.3184430066150496,False
boltz1,boltz1_ipSAE_min,0.4000045944096305,False
boltz1,boltz1_ipSAE_max,0.3887715147473187,False
boltz1,boltz1_ipSAE_avg,0.35470620996936786,False
boltz1,boltz1_LIS,0.34049982275788726,False
boltz1,boltz1_ipSAE_min_in_calculation,0.1648739705020649,False
boltz1,boltz1_ipSAE_d0chn,0.34601680849979205,False
boltz1,boltz1_ipSAE_d0dom,0.3501324390312913,False
boltz1,boltz1_pymol_num_interface_residues,0.15174031907745297,False
boltz1,boltz1_rosetta_interface_nres_binder,0.24008169124957232,False
boltz1,boltz1_rosetta_interface_nres_target,0.16631250201229916,False
boltz1,boltz1_ipae,0.358721267462663,False
boltz1,boltz1_dSAP_dSASA_ratio,0.10238190520262126,False
boltz1,boltz1_ipSAE_min*input_rosetta_interface_sc,0.37741793986303834,True
boltz1,boltz1_rosetta_interface_dG_SASA_ratio*boltz1_ipSAE_avg,0.38057123054462455,True
boltz1,boltz1_ipSAE_avg*input_rosetta_interface_dG_SASA_ratio,0.3666232214619311,True
boltz1,boltz1_ipSAE_min*input_rosetta_interface_packstat,0.42114977292302874,True
boltz1,boltz1_ipSAE_max*input_rosetta_interface_sc,0.4076530612244898,True
boltz1,boltz1_rosetta_interface_dG_SASA_ratio*boltz1_ipSAE_min,0.42239475637308455,True
boltz1,boltz1_LIS*input_rosetta_interface_sc,0.3981962481962482,True
boltz1,boltz1_ipSAE_avg*input_rosetta_interface_sc,0.3760942760942761,True
boltz1,boltz1_LIS*input_sap_delta,0.33391281593925776,True
boltz1,boltz1_rosetta_interface_dG_SASA_ratio*boltz1_LIS,0.37968184349763295,True
boltz1,boltz1_rosetta_interface_dG_SASA_ratio*boltz1_ipSAE_max,0.4043387507442043,True
boltz1,boltz1_ipSAE_avg*input_sap_delta,0.3558286283655082,True
boltz1,boltz1_rosetta_interface_sc*boltz1_ipSAE_min,0.3726147871619246,True
boltz1,boltz1_ipSAE_avg*input_dSAP_dSASA_ratio,0.32186381748402204,True
boltz1,boltz1_ipSAE_avg*boltz1_dSAP_dSASA_ratio,0.3400029138307039,True
boltz1,boltz1_ipSAE_d0dom*input_rosetta_interface_sc,0.3938653451811347,True
boltz1,boltz1_ipSAE_min*input_rosetta_interface_dG_SASA_ratio,0.3497535561885883,True
boltz1,boltz1_ipSAE_d0chn*input_rosetta_interface_sc,0.3990601503759399,True
boltz1,boltz1_rosetta_interface_dG_SASA_ratio*boltz1_pDockQ2_max,0.35805429016575574,True
boltz1,boltz1_ipSAE_min*boltz1_ipSAE_max,0.40419601056494703,True
boltz1,boltz1_sap_delta*boltz1_ipSAE_avg,0.32771540727223153,True
boltz1,boltz1_ipSAE_min*input_dSAP_dSASA_ratio,0.3266294461740382,True
boltz1,boltz1_ipSAE_avg*input_rosetta_interface_dG,0.3653769841269841,True
boltz1,boltz1_sap_delta*boltz1_LIS,0.3047802476061757,True
boltz1,boltz1_rosetta_interface_dG_SASA_ratio*boltz1_pDockQ2_min,0.3573674474012679,True
boltz1,boltz1_ipSAE_avg*input_pymol_percent_nonpolar,0.3104257424703345,True
boltz1,boltz1_LIS*input_rosetta_interface_packstat,0.36093413397413676,True
boltz1,boltz1_ipSAE_min*input_sap_delta,0.33845191596779944,True
boltz1,boltz1_rosetta_interface_dG_SASA_ratio*boltz1_ipSAE_d0dom,0.3880710765170976,True
boltz1,boltz1_ipSAE_min*boltz1_LIS,0.36722080428039944,True
boltz1,boltz1_iptm_avg*boltz1_ipSAE_min,0.3975468531388667,True
boltz1,boltz1_iptm_model_0*boltz1_ipSAE_min,0.3992451745880264,True
boltz1,boltz1_rosetta_interface_sc*boltz1_ipSAE_max,0.3546735265014232,True
boltz1,boltz1_ipSAE_max*boltz1_ipSAE_d0dom,0.39111923110178487,True
boltz1,boltz1_ipSAE_max*boltz1_ipSAE_d0chn,0.39013903460198773,True
boltz1,boltz1_rosetta_interface_dG_SASA_ratio*boltz1_ipSAE_d0chn,0.38755383513778724,True
boltz1,boltz1_ipSAE_min*boltz1_dSAP_dSASA_ratio,0.3493265993265993,True
boltz1,boltz1_ipSAE_max*input_dSAP_dSASA_ratio,0.26356371825479374,True
boltz1,boltz1_ipSAE_d0dom*input_rosetta_interface_packstat,0.3721698592451928,True
boltz1,boltz1_ipSAE_min*input_pymol_percent_nonpolar,0.3104257424703345,True
boltz1,boltz1_pDockQ2_max*input_dSAP_dSASA_ratio,0.3519406930263777,True
boltz1,boltz1_ipSAE_avg*input_rosetta_interface_packstat,0.3698583550716784,True
boltz1,boltz1_rosetta_interface_sc*boltz1_LIS,0.36052651181263357,True
boltz1,boltz1_pDockQ2_min*input_dSAP_dSASA_ratio,0.35411918732730757,True
boltz1,boltz1_ipSAE_max*input_rosetta_interface_dG_SASA_ratio,0.33556242097902667,True
boltz1,boltz1_complex_iplddt_avg*boltz1_ipSAE_min,0.3315170109180998,True
boltz1,boltz1_ipSAE_min*boltz1_ipSAE_d0dom,0.39157727100502043,True
boltz1,boltz1_pDockQ2_max*input_rosetta_interface_sc,0.34695780921456987,True
boltz1,boltz1_LIS*input_rosetta_interface_dG_SASA_ratio,0.33688762684793355,True
boltz1,boltz1_ipSAE_min*input_rosetta_interface_dG,0.39694564694564693,True
colab,colab_actifptm_avg,0.34123294927755055,False
colab,colab_actifptm_std,0.24810155149235608,False
colab,colab_actifptm_model_0,0.3197606475652876,False
colab,colab_ptm_avg,0.2889968649993927,False
colab,colab_ptm_std,0.125,False
colab,colab_ptm_model_0,0.2540746787639063,False
colab,colab_iptm_avg,0.3309053725956732,False
colab,colab_iptm_std,0.12631578947368421,False
colab,colab_iptm_model_0,0.27898731387445647,False
colab,colab_dockQ,0.2914731976526837,False
colab,colab_pymol_SASA_binder,0.10416666666666666,False
colab,colab_pymol_SASA_target,0.16407871833688173,False
colab,colab_pymol_delta_SASA,0.18834516363980275,False
colab,colab_pymol_nonpolar_count,0.09090909090909091,False
colab,colab_pymol_percent_nonpolar,0.19100607195142438,False
colab,colab_pymol_hbonds,0.1421677419198461,False
colab,colab_pymol_paratope_helix,0.15906879150104497,False
colab,colab_pymol_paratope_sheet,0.09535224035224035,False
colab,colab_pymol_paratope_loop,0.14989094654376858,False
colab,colab_pymol_epitope_helix,0.1241993509635259,False
colab,colab_pymol_epitope_sheet,0.1282944813944683,False
colab,colab_pymol_epitope_loop,0.13923010710446218,False
colab,colab_rosetta_binder_score,0.1625,False
colab,colab_rosetta_surface_hydrophobicity,0.20867140185205474,False
colab,colab_rosetta_interface_sc,0.20554069318114263,False
colab,colab_rosetta_interface_packstat,0.21184939980860795,False
colab,colab_rosetta_interface_dG,0.2677677677677678,False
colab,colab_rosetta_interface_dSASA,0.21177698890599064,False
colab,colab_rosetta_interface_dG_SASA_ratio,0.2380236642440034,False
colab,colab_rosetta_interface_percent_of_binder_in_intf,0.09090909090909091,False
colab,colab_rosetta_interface_binder_hydrophobicity_percent,0.14935438206251106,False
colab,colab_rosetta_interface_interface_hbonds,0.1935130968293962,False
colab,colab_rosetta_interface_hbond_percentage,0.15418204261673854,False
colab,colab_rosetta_interface_unsat_hbonds,0.09090909090909091,False
colab,colab_rosetta_interface_delta_unsat_hbonds_percentage,0.09090909090909091,False
colab,colab_sap_binder,0.09090909090909091,False
colab,colab_sap_target,0.15688791056191714,False
colab,colab_sap_delta,0.22210845885146951,False
colab,RMSD_chA_aft_chB_align_input_colab,0.26972281334751264,False
colab,RMSD_complex_input_colab,0.2679864596815297,False
colab,colab_pDockQ_min,0.25111111111111106,False
colab,colab_pDockQ_max,0.25111111111111106,False
colab,colab_pDockQ2_min,0.3101984547901882,False
colab,colab_pDockQ2_max,0.30134680134680136,False
colab,colab_ipSAE_min,0.332315502372212,False
colab,colab_ipSAE_max,0.30134680134680136,False
colab,colab_ipSAE_avg,0.2644073992822703,False
colab,colab_LIS,0.30134680134680136,False
colab,colab_ipSAE_min_in_calculation,0.15199055330634278,False
colab,colab_ipSAE_d0chn,0.30744734778654154,False
colab,colab_ipSAE_d0dom,0.2791245791245791,False
colab,colab_pymol_num_interface_residues,0.18181818181818182,False
colab,colab_rosetta_interface_nres_binder,0.19396481117560982,False
colab,colab_rosetta_interface_nres_target,0.15778461734344087,False
colab,colab_ipae,0.2841455925706341,False
colab,colab_dSAP_dSASA_ratio,0.15,False
colab,colab_LIS*input_sap_delta,0.2934102934102934,True
colab,colab_pDockQ2_min*input_sap_delta,0.31245791245791243,True
colab,colab_pDockQ2_max*input_sap_delta,0.31245791245791243,True
colab,colab_sap_delta*colab_pDockQ2_min,0.3296007234026623,True
colab,colab_sap_delta*colab_LIS,0.30134680134680136,True
colab,colab_ipSAE_avg*colab_dSAP_dSASA_ratio,0.31765644545778554,True
colab,colab_ipSAE_avg*input_dSAP_dSASA_ratio,0.28509473464127366,True
colab,colab_ipSAE_avg*input_sap_delta,0.2828282828282828,True
colab,colab_sap_delta*colab_pDockQ2_max,0.3307045151798118,True
colab,colab_ipSAE_min*colab_dSAP_dSASA_ratio,0.33069334140954737,True
colab,colab_pDockQ2_max*input_rosetta_interface_dG_SASA_ratio,0.35265429648879826,True
colab,colab_pDockQ2_max*colab_dSAP_dSASA_ratio,0.34462374013124925,True
colab,colab_ipSAE_min*input_dSAP_dSASA_ratio,0.27609427609427606,True
colab,colab_pDockQ2_max*input_dSAP_dSASA_ratio,0.32427366390781026,True
colab,colab_pDockQ2_min*colab_dSAP_dSASA_ratio,0.3428575157615989,True
colab,colab_pDockQ2_min*input_dSAP_dSASA_ratio,0.3284438486596845,True
colab,colab_ipSAE_min*input_sap_delta,0.27609427609427606,True
colab,colab_sap_delta*colab_ipSAE_avg,0.30480484206376207,True
colab,colab_LIS*input_dSAP_dSASA_ratio,0.33347445221774413,True
colab,colab_pDockQ2_min*input_rosetta_interface_dG_SASA_ratio,0.3531589356716381,True
colab,colab_pDockQ_min*input_dSAP_dSASA_ratio,0.3097055071603922,True
colab,colab_pDockQ_max*input_dSAP_dSASA_ratio,0.3097055071603922,True
colab,colab_pDockQ_min*colab_dSAP_dSASA_ratio,0.33316215535403076,True
colab,colab_pDockQ_max*colab_dSAP_dSASA_ratio,0.33316215535403076,True
colab,colab_iptm_avg*colab_rosetta_interface_dG_SASA_ratio,0.3601799146479997,True
colab,colab_rosetta_interface_dG_SASA_ratio*colab_pDockQ2_max,0.3594115277690023,True
colab,colab_rosetta_interface_dG_SASA_ratio*colab_LIS,0.3532166275073214,True
colab,colab_ipSAE_max*colab_dSAP_dSASA_ratio,0.32994931009866757,True
colab,colab_pDockQ2_max*input_rosetta_interface_sc,0.41676804574981385,True
colab,colab_rosetta_interface_dG_SASA_ratio*colab_ipSAE_max,0.3495640415843118,True
colab,colab_rosetta_interface_dG_SASA_ratio*colab_ipSAE_min,0.3348969929852283,True
colab,colab_ipSAE_max*input_dSAP_dSASA_ratio,0.30134680134680136,True
colab,colab_rosetta_interface_dG_SASA_ratio*colab_pDockQ2_min,0.35233161899828563,True
colab,colab_ipSAE_max*input_sap_delta,0.30134680134680136,True
colab,colab_actifptm_avg*colab_rosetta_interface_dG_SASA_ratio,0.35476865923674433,True
colab,colab_rosetta_interface_dG_SASA_ratio*colab_ipSAE_d0dom,0.349018450934339,True
colab,colab_ipSAE_min*input_rosetta_interface_sc,0.37945938288000214,True
colab,colab_sap_delta*colab_ipSAE_min,0.3244949494949495,True
colab,colab_ipSAE_max*input_rosetta_interface_sc,0.37074829931972786,True
colab,colab_ipSAE_d0dom*input_dSAP_dSASA_ratio,0.28997282089424525,True
colab,colab_LIS*colab_dSAP_dSASA_ratio,0.3259542078920949,True
colab,colab_rosetta_interface_dG_SASA_ratio*colab_ipSAE_d0chn,0.3475202598064316,True
colab,colab_ipSAE_d0dom*input_sap_delta,0.28732459277434347,True
colab,colab_rosetta_interface_dG*colab_LIS,0.30134680134680136,True
colab,colab_ipSAE_d0dom*input_rosetta_interface_sc,0.35416166466586635,True
colab,colab_LIS*input_rosetta_interface_sc,0.3324802230008534,True
colab,colab_pDockQ2_max*input_pymol_percent_nonpolar,0.30335985570854584,True
colab,colab_ipSAE_min*input_pymol_percent_nonpolar,0.2866052323890995,True
colab,colab_pDockQ2_min*input_rosetta_interface_sc,0.41416715683622024,True
colab,colab_ipSAE_d0chn*input_rosetta_interface_sc,0.35416166466586635,True
